{
  "standard": {
    "original": {
      "size_kb": 883.8310546875,
      "total_latency_ms": 2.1710753440856934,
      "chunk_time_ms": 0.06990894194572203,
      "mse_error": 0.0,
      "compression_ratio": 1.0,
      "rtf": 460.6012420177572
    },
    "int8": {
      "size_kb": 336.109375,
      "total_latency_ms": 2.171158790588379,
      "chunk_time_ms": 0.06991932469029581,
      "mse_error": 2.0062108887941577e-05,
      "compression_ratio": 2.6295935800288226,
      "rtf": 460.5835392302202
    },
    "mixed": {
      "size_kb": 335.359375,
      "total_latency_ms": 2.019357681274414,
      "chunk_time_ms": 0.0650413574710969,
      "mse_error": 3.940932856494328e-06,
      "compression_ratio": 2.635474421096771,
      "rtf": 495.2069706486576
    },
    "palette_2bit": {
      "size_kb": 101.9833984375,
      "total_latency_ms": 2.0408153533935547,
      "chunk_time_ms": 0.06572123496763167,
      "mse_error": 0.07421249896287918,
      "compression_ratio": 8.666420890348652,
      "rtf": 490.00023365031893
    },
    "palette_4bit": {
      "size_kb": 178.181640625,
      "total_latency_ms": 2.0960211753845215,
      "chunk_time_ms": 0.06750475975774951,
      "mse_error": 0.008849564008414745,
      "compression_ratio": 4.960281270210131,
      "rtf": 477.0944166709322
    },
    "palette_6bit": {
      "size_kb": 254.12109375,
      "total_latency_ms": 2.1602630615234375,
      "chunk_time_ms": 0.06955246771535567,
      "mse_error": 7.899252523202449e-05,
      "compression_ratio": 3.477991699331335,
      "rtf": 462.90658661486844
    },
    "palette_8bit": {
      "size_kb": 332.6904296875,
      "total_latency_ms": 2.0614981651306152,
      "chunk_time_ms": 0.06639380608835528,
      "mse_error": 8.033612175495364e-06,
      "compression_ratio": 2.656617010347105,
      "rtf": 485.0841086907495
    },
    "pruned_int8": {
      "size_kb": 334.6728515625,
      "total_latency_ms": 2.1642208099365234,
      "chunk_time_ms": 0.0696755224658597,
      "mse_error": 2.8712615858239587e-06,
      "compression_ratio": 2.640880640784348,
      "rtf": 462.060061251019
    }
  },
  "256ms": {
    "original": {
      "size_kb": 1016.451171875,
      "total_latency_ms": 0.680994987487793,
      "chunk_time_ms": 0.17004311084747314,
      "mse_error": 0.0,
      "compression_ratio": 1.0,
      "rtf": 1468.4395896789554
    },
    "int8": {
      "size_kb": 469.1982421875,
      "total_latency_ms": 0.6932735443115234,
      "chunk_time_ms": 0.1731574535369873,
      "mse_error": 0.0018436431419104338,
      "compression_ratio": 2.166357587223884,
      "rtf": 1442.4320792351607
    },
    "mixed": {
      "size_kb": 468.4482421875,
      "total_latency_ms": 0.6878376007080078,
      "chunk_time_ms": 0.1717209815979004,
      "mse_error": 0.002448737621307373,
      "compression_ratio": 2.1698259921491125,
      "rtf": 1453.8315424610053
    },
    "palette_2bit": {
      "size_kb": 235.1201171875,
      "total_latency_ms": 0.661313533782959,
      "chunk_time_ms": 0.1651376485824585,
      "mse_error": 0.19179709255695343,
      "compression_ratio": 4.3231144320348225,
      "rtf": 1512.1420459666517
    },
    "palette_4bit": {
      "size_kb": 311.318359375,
      "total_latency_ms": 0.6845474243164062,
      "chunk_time_ms": 0.17095506191253662,
      "mse_error": 0.03612018749117851,
      "compression_ratio": 3.26498949151479,
      "rtf": 1460.819169685149
    },
    "palette_6bit": {
      "size_kb": 387.2578125,
      "total_latency_ms": 0.6666660308837891,
      "chunk_time_ms": 0.1665562391281128,
      "mse_error": 0.005844163708388805,
      "compression_ratio": 2.624740261050253,
      "rtf": 1500.0014305128389
    },
    "palette_8bit": {
      "size_kb": 465.8271484375,
      "total_latency_ms": 0.6717681884765625,
      "chunk_time_ms": 0.1677870750427246,
      "mse_error": 0.0003941178438253701,
      "compression_ratio": 2.182035064474945,
      "rtf": 1488.6087450312323
    },
    "pruned_int8": {
      "size_kb": 467.7685546875,
      "total_latency_ms": 0.6653666496276855,
      "chunk_time_ms": 0.16614198684692383,
      "mse_error": 0.009167289361357689,
      "compression_ratio": 2.1729788411152517,
      "rtf": 1502.9307533817075
    }
  }
}